layer_idx,head_idx,best_accuracy,best_epoch,timestamp
0,0,0.54,12,2025-09-12 03:48:08
0,1,0.5975,1,2025-09-12 03:48:08
0,2,0.7625,16,2025-09-12 03:48:08
0,3,0.6,2,2025-09-12 03:48:08
0,4,0.6875,18,2025-09-12 03:48:08
0,5,0.7475,14,2025-09-12 03:48:08
0,6,0.6075,14,2025-09-12 03:48:08
0,7,0.7275,11,2025-09-12 03:48:08
0,8,0.6725,3,2025-09-12 03:48:08
0,9,0.7125,14,2025-09-12 03:48:08
0,10,0.6175,1,2025-09-12 03:48:08
0,11,0.7325,12,2025-09-12 03:48:08
1,0,0.755,9,2025-09-12 03:48:08
1,1,0.7125,13,2025-09-12 03:48:08
1,2,0.7575,7,2025-09-12 03:48:08
1,3,0.755,16,2025-09-12 03:48:08
1,4,0.725,17,2025-09-12 03:48:08
1,5,0.65,1,2025-09-12 03:48:08
1,6,0.7025,2,2025-09-12 03:48:08
1,7,0.755,8,2025-09-12 03:48:08
1,8,0.71,11,2025-09-12 03:48:08
1,9,0.74,10,2025-09-12 03:48:08
1,10,0.7475,14,2025-09-12 03:48:08
1,11,0.735,15,2025-09-12 03:48:08
2,0,0.745,19,2025-09-12 03:48:08
2,1,0.7675,7,2025-09-12 03:48:08
2,2,0.7625,15,2025-09-12 03:48:08
2,3,0.78,17,2025-09-12 03:48:08
2,4,0.74,4,2025-09-12 03:48:08
2,5,0.765,17,2025-09-12 03:48:08
2,6,0.7625,18,2025-09-12 03:48:08
2,7,0.74,13,2025-09-12 03:48:08
2,8,0.76,18,2025-09-12 03:48:08
2,9,0.7425,17,2025-09-12 03:48:08
2,10,0.7475,13,2025-09-12 03:48:08
2,11,0.7475,7,2025-09-12 03:48:08
3,0,0.7075,11,2025-09-12 03:48:08
3,1,0.655,16,2025-09-12 03:48:08
3,2,0.71,8,2025-09-12 03:48:08
3,3,0.7075,14,2025-09-12 03:48:08
3,4,0.6575,16,2025-09-12 03:48:08
3,5,0.7125,13,2025-09-12 03:48:08
3,6,0.7675,12,2025-09-12 03:48:08
3,7,0.835,10,2025-09-12 03:48:08
3,8,0.7625,13,2025-09-12 03:48:08
3,9,0.7625,16,2025-09-12 03:48:08
3,10,0.815,9,2025-09-12 03:48:08
3,11,0.77,12,2025-09-12 03:48:08
4,0,0.795,17,2025-09-12 03:48:08
4,1,0.7625,13,2025-09-12 03:48:08
4,2,0.755,17,2025-09-12 03:48:08
4,3,0.795,13,2025-09-12 03:48:08
4,4,0.7525,10,2025-09-12 03:48:08
4,5,0.7675,9,2025-09-12 03:48:08
4,6,0.7475,7,2025-09-12 03:48:08
4,7,0.7275,13,2025-09-12 03:48:08
4,8,0.775,14,2025-09-12 03:48:08
4,9,0.7625,8,2025-09-12 03:48:08
4,10,0.8175,8,2025-09-12 03:48:08
4,11,0.745,12,2025-09-12 03:48:08
5,0,0.7575,13,2025-09-12 03:48:08
5,1,0.775,12,2025-09-12 03:48:08
5,2,0.7775,11,2025-09-12 03:48:08
5,3,0.7875,7,2025-09-12 03:48:08
5,4,0.735,16,2025-09-12 03:48:08
5,5,0.78,10,2025-09-12 03:48:08
5,6,0.78,16,2025-09-12 03:48:08
5,7,0.8325,7,2025-09-12 03:48:08
5,8,0.7825,16,2025-09-12 03:48:08
5,9,0.7775,6,2025-09-12 03:48:08
5,10,0.715,8,2025-09-12 03:48:08
5,11,0.6925,15,2025-09-12 03:48:08
6,0,0.775,14,2025-09-12 03:48:08
6,1,0.7525,14,2025-09-12 03:48:08
6,2,0.7325,14,2025-09-12 03:48:08
6,3,0.7675,6,2025-09-12 03:48:08
6,4,0.7725,12,2025-09-12 03:48:08
6,5,0.7875,17,2025-09-12 03:48:08
6,6,0.7675,12,2025-09-12 03:48:08
6,7,0.685,3,2025-09-12 03:48:08
6,8,0.785,11,2025-09-12 03:48:08
6,9,0.725,15,2025-09-12 03:48:08
6,10,0.7425,9,2025-09-12 03:48:08
6,11,0.77,11,2025-09-12 03:48:08
7,0,0.79,11,2025-09-12 03:48:08
7,1,0.755,15,2025-09-12 03:48:08
7,2,0.7875,15,2025-09-12 03:48:08
7,3,0.7925,12,2025-09-12 03:48:08
7,4,0.8,7,2025-09-12 03:48:08
7,5,0.7775,10,2025-09-12 03:48:08
7,6,0.77,11,2025-09-12 03:48:08
7,7,0.765,10,2025-09-12 03:48:08
7,8,0.7375,13,2025-09-12 03:48:08
7,9,0.8,17,2025-09-12 03:48:08
7,10,0.7225,11,2025-09-12 03:48:08
7,11,0.77,10,2025-09-12 03:48:08
8,0,0.765,8,2025-09-12 03:48:08
8,1,0.8175,13,2025-09-12 03:48:08
8,2,0.7725,13,2025-09-12 03:48:08
8,3,0.7675,11,2025-09-12 03:48:08
8,4,0.7625,12,2025-09-12 03:48:08
8,5,0.7675,5,2025-09-12 03:48:08
8,6,0.7725,3,2025-09-12 03:48:08
8,7,0.75,10,2025-09-12 03:48:08
8,8,0.7725,13,2025-09-12 03:48:08
8,9,0.765,5,2025-09-12 03:48:08
8,10,0.745,16,2025-09-12 03:48:08
8,11,0.77,10,2025-09-12 03:48:08
9,0,0.7775,3,2025-09-12 03:48:08
9,1,0.7875,9,2025-09-12 03:48:08
9,2,0.77,3,2025-09-12 03:48:08
9,3,0.75,18,2025-09-12 03:48:08
9,4,0.785,4,2025-09-12 03:48:08
9,5,0.715,7,2025-09-12 03:48:08
9,6,0.8,18,2025-09-12 03:48:08
9,7,0.7525,11,2025-09-12 03:48:08
9,8,0.79,12,2025-09-12 03:48:08
9,9,0.77,11,2025-09-12 03:48:08
9,10,0.785,14,2025-09-12 03:48:08
9,11,0.775,10,2025-09-12 03:48:08
10,0,0.8275,16,2025-09-12 03:48:08
10,1,0.7925,3,2025-09-12 03:48:08
10,2,0.77,9,2025-09-12 03:48:08
10,3,0.7675,9,2025-09-12 03:48:08
10,4,0.77,10,2025-09-12 03:48:08
10,5,0.7775,4,2025-09-12 03:48:08
10,6,0.7975,12,2025-09-12 03:48:08
10,7,0.7825,14,2025-09-12 03:48:08
10,8,0.79,7,2025-09-12 03:48:08
10,9,0.8025,8,2025-09-12 03:48:08
10,10,0.7775,11,2025-09-12 03:48:08
10,11,0.7975,10,2025-09-12 03:48:08
11,0,0.765,14,2025-09-12 03:48:08
11,1,0.7775,10,2025-09-12 03:48:08
11,2,0.7725,9,2025-09-12 03:48:08
11,3,0.77,7,2025-09-12 03:48:08
11,4,0.7675,6,2025-09-12 03:48:08
11,5,0.7775,18,2025-09-12 03:48:08
11,6,0.7875,9,2025-09-12 03:48:08
11,7,0.8025,12,2025-09-12 03:48:08
11,8,0.7625,16,2025-09-12 03:48:08
11,9,0.765,12,2025-09-12 03:48:08
11,10,0.79,18,2025-09-12 03:48:08
11,11,0.775,9,2025-09-12 03:48:08
12,0,0.8075,13,2025-09-12 03:48:08
12,1,0.78,8,2025-09-12 03:48:08
12,2,0.73,11,2025-09-12 03:48:08
12,3,0.77,14,2025-09-12 03:48:08
12,4,0.775,4,2025-09-12 03:48:08
12,5,0.8025,15,2025-09-12 03:48:08
12,6,0.7925,10,2025-09-12 03:48:08
12,7,0.765,11,2025-09-12 03:48:08
12,8,0.79,9,2025-09-12 03:48:08
12,9,0.7825,2,2025-09-12 03:48:08
12,10,0.81,16,2025-09-12 03:48:08
12,11,0.805,12,2025-09-12 03:48:08
13,0,0.79,6,2025-09-12 03:48:08
13,1,0.7525,13,2025-09-12 03:48:08
13,2,0.77,15,2025-09-12 03:48:08
13,3,0.81,9,2025-09-12 03:48:08
13,4,0.765,4,2025-09-12 03:48:08
13,5,0.7475,17,2025-09-12 03:48:08
13,6,0.76,5,2025-09-12 03:48:08
13,7,0.7325,16,2025-09-12 03:48:08
13,8,0.7875,12,2025-09-12 03:48:08
13,9,0.7725,18,2025-09-12 03:48:08
13,10,0.7725,9,2025-09-12 03:48:08
13,11,0.77,14,2025-09-12 03:48:08
14,0,0.8025,9,2025-09-12 03:48:08
14,1,0.775,5,2025-09-12 03:48:08
14,2,0.78,15,2025-09-12 03:48:08
14,3,0.7475,16,2025-09-12 03:48:08
14,4,0.76,12,2025-09-12 03:48:08
14,5,0.755,10,2025-09-12 03:48:08
14,6,0.805,9,2025-09-12 03:48:08
14,7,0.7875,6,2025-09-12 03:48:08
14,8,0.78,13,2025-09-12 03:48:08
14,9,0.8075,12,2025-09-12 03:48:08
14,10,0.76,5,2025-09-12 03:48:08
14,11,0.7925,14,2025-09-12 03:48:08
15,0,0.77,4,2025-09-12 03:48:08
15,1,0.8275,11,2025-09-12 03:48:08
15,2,0.785,4,2025-09-12 03:48:08
15,3,0.8275,11,2025-09-12 03:48:08
15,4,0.8075,11,2025-09-12 03:48:08
15,5,0.7775,8,2025-09-12 03:48:08
15,6,0.775,14,2025-09-12 03:48:08
15,7,0.765,5,2025-09-12 03:48:08
15,8,0.7975,8,2025-09-12 03:48:08
15,9,0.8175,7,2025-09-12 03:48:08
15,10,0.79,6,2025-09-12 03:48:08
15,11,0.8,14,2025-09-12 03:48:08
16,0,0.7825,14,2025-09-12 03:48:08
16,1,0.79,5,2025-09-12 03:48:08
16,2,0.7875,3,2025-09-12 03:48:08
16,3,0.79,13,2025-09-12 03:48:08
16,4,0.7775,9,2025-09-12 03:48:08
16,5,0.74,11,2025-09-12 03:48:08
16,6,0.8225,14,2025-09-12 03:48:08
16,7,0.78,15,2025-09-12 03:48:08
16,8,0.8125,9,2025-09-12 03:48:08
16,9,0.795,9,2025-09-12 03:48:08
16,10,0.7925,18,2025-09-12 03:48:08
16,11,0.8075,10,2025-09-12 03:48:08
17,0,0.8225,2,2025-09-12 03:48:08
17,1,0.795,9,2025-09-12 03:48:08
17,2,0.765,3,2025-09-12 03:48:08
17,3,0.8175,10,2025-09-12 03:48:08
17,4,0.815,5,2025-09-12 03:48:08
17,5,0.795,2,2025-09-12 03:48:08
17,6,0.84,12,2025-09-12 03:48:08
17,7,0.8075,10,2025-09-12 03:48:08
17,8,0.7975,10,2025-09-12 03:48:08
17,9,0.8325,13,2025-09-12 03:48:08
17,10,0.815,4,2025-09-12 03:48:08
17,11,0.8325,15,2025-09-12 03:48:08
18,0,0.83,6,2025-09-12 03:48:08
18,1,0.7675,19,2025-09-12 03:48:08
18,2,0.82,12,2025-09-12 03:48:08
18,3,0.7575,13,2025-09-12 03:48:08
18,4,0.81,11,2025-09-12 03:48:08
18,5,0.7775,8,2025-09-12 03:48:08
18,6,0.7825,12,2025-09-12 03:48:08
18,7,0.835,15,2025-09-12 03:48:08
18,8,0.79,4,2025-09-12 03:48:08
18,9,0.8025,14,2025-09-12 03:48:08
18,10,0.835,1,2025-09-12 03:48:08
18,11,0.775,7,2025-09-12 03:48:08
19,0,0.775,6,2025-09-12 03:48:08
19,1,0.735,10,2025-09-12 03:48:08
19,2,0.78,3,2025-09-12 03:48:08
19,3,0.7775,8,2025-09-12 03:48:08
19,4,0.785,12,2025-09-12 03:48:08
19,5,0.795,13,2025-09-12 03:48:08
19,6,0.8225,8,2025-09-12 03:48:08
19,7,0.8225,8,2025-09-12 03:48:08
19,8,0.845,3,2025-09-12 03:48:08
19,9,0.815,10,2025-09-12 03:48:08
19,10,0.8075,8,2025-09-12 03:48:08
19,11,0.8725,8,2025-09-12 03:48:08
20,0,0.79,9,2025-09-12 03:48:08
20,1,0.825,12,2025-09-12 03:48:08
20,2,0.7975,12,2025-09-12 03:48:08
20,3,0.78,13,2025-09-12 03:48:08
20,4,0.8,3,2025-09-12 03:48:08
20,5,0.805,14,2025-09-12 03:48:08
20,6,0.8225,5,2025-09-12 03:48:08
20,7,0.8225,10,2025-09-12 03:48:08
20,8,0.8075,17,2025-09-12 03:48:08
20,9,0.7825,12,2025-09-12 03:48:08
20,10,0.795,14,2025-09-12 03:48:08
20,11,0.8225,7,2025-09-12 03:48:08
21,0,0.8025,13,2025-09-12 03:48:08
21,1,0.7975,7,2025-09-12 03:48:08
21,2,0.845,9,2025-09-12 03:48:08
21,3,0.845,12,2025-09-12 03:48:08
21,4,0.8175,12,2025-09-12 03:48:08
21,5,0.8025,14,2025-09-12 03:48:08
21,6,0.815,11,2025-09-12 03:48:08
21,7,0.78,15,2025-09-12 03:48:08
21,8,0.81,5,2025-09-12 03:48:08
21,9,0.785,8,2025-09-12 03:48:08
21,10,0.8375,11,2025-09-12 03:48:08
21,11,0.7625,17,2025-09-12 03:48:08
22,0,0.81,11,2025-09-12 03:48:08
22,1,0.76,4,2025-09-12 03:48:08
22,2,0.8025,8,2025-09-12 03:48:08
22,3,0.82,13,2025-09-12 03:48:08
22,4,0.82,13,2025-09-12 03:48:08
22,5,0.85,10,2025-09-12 03:48:08
22,6,0.8225,9,2025-09-12 03:48:08
22,7,0.7725,17,2025-09-12 03:48:08
22,8,0.7975,14,2025-09-12 03:48:08
22,9,0.8325,12,2025-09-12 03:48:08
22,10,0.7925,10,2025-09-12 03:48:08
22,11,0.8175,15,2025-09-12 03:48:08
23,0,0.79,8,2025-09-12 03:48:08
23,1,0.835,6,2025-09-12 03:48:08
23,2,0.7875,19,2025-09-12 03:48:08
23,3,0.7375,5,2025-09-12 03:48:08
23,4,0.8275,8,2025-09-12 03:48:08
23,5,0.8,9,2025-09-12 03:48:08
23,6,0.805,15,2025-09-12 03:48:08
23,7,0.8,5,2025-09-12 03:48:08
23,8,0.7975,4,2025-09-12 03:48:08
23,9,0.855,10,2025-09-12 03:48:08
23,10,0.84,11,2025-09-12 03:48:08
23,11,0.8525,8,2025-09-12 03:48:08
24,0,0.835,16,2025-09-12 03:48:08
24,1,0.875,14,2025-09-12 03:48:08
24,2,0.8575,13,2025-09-12 03:48:08
24,3,0.84,3,2025-09-12 03:48:08
24,4,0.87,12,2025-09-12 03:48:08
24,5,0.85,16,2025-09-12 03:48:08
24,6,0.8625,13,2025-09-12 03:48:08
24,7,0.81,14,2025-09-12 03:48:08
24,8,0.8275,3,2025-09-12 03:48:08
24,9,0.7975,15,2025-09-12 03:48:08
24,10,0.7725,5,2025-09-12 03:48:08
24,11,0.7975,12,2025-09-12 03:48:08
25,0,0.8275,8,2025-09-12 03:48:08
25,1,0.8175,8,2025-09-12 03:48:08
25,2,0.84,11,2025-09-12 03:48:08
25,3,0.865,7,2025-09-12 03:48:08
25,4,0.8625,10,2025-09-12 03:48:08
25,5,0.8325,12,2025-09-12 03:48:08
25,6,0.8225,13,2025-09-12 03:48:08
25,7,0.8025,19,2025-09-12 03:48:08
25,8,0.85,8,2025-09-12 03:48:08
25,9,0.825,11,2025-09-12 03:48:08
25,10,0.805,14,2025-09-12 03:48:08
25,11,0.81,10,2025-09-12 03:48:08
26,0,0.8525,17,2025-09-12 03:48:08
26,1,0.8175,17,2025-09-12 03:48:08
26,2,0.825,16,2025-09-12 03:48:08
26,3,0.83,11,2025-09-12 03:48:08
26,4,0.8325,8,2025-09-12 03:48:08
26,5,0.785,11,2025-09-12 03:48:08
26,6,0.8175,11,2025-09-12 03:48:08
26,7,0.7975,8,2025-09-12 03:48:08
26,8,0.8375,13,2025-09-12 03:48:08
26,9,0.8,5,2025-09-12 03:48:08
26,10,0.795,3,2025-09-12 03:48:08
26,11,0.8325,7,2025-09-12 03:48:08
27,0,0.795,11,2025-09-12 03:48:08
27,1,0.82,12,2025-09-12 03:48:08
27,2,0.8425,13,2025-09-12 03:48:08
27,3,0.8075,17,2025-09-12 03:48:08
27,4,0.8375,12,2025-09-12 03:48:08
27,5,0.815,14,2025-09-12 03:48:08
27,6,0.8475,9,2025-09-12 03:48:08
27,7,0.825,13,2025-09-12 03:48:08
27,8,0.8125,13,2025-09-12 03:48:08
27,9,0.83,4,2025-09-12 03:48:08
27,10,0.855,5,2025-09-12 03:48:08
27,11,0.8425,9,2025-09-12 03:48:08
